[1, 'off'] [2, 'off'] [3, 'off'] [4, 'on'] [8, 'off'] [12, 'on'] [20, 'on'] [19, 'off'] [18, 'off'] [17, 'on'] [13, 'off'] [9, 'off'] [5, 'on'] [6, 'off'] [7, 'on'] [11, 'off'] [16, 'on'] [15, 'off'] [14, 'on'] [6, 'off'] [1, 'off']	0.99999979	[2, 0, 0, 8, 13, 0, 0]
[1, 'off'] [2, 'off'] [3, 'off'] [4, 'on'] [8, 'off'] [12, 'on'] [20, 'on'] [19, 'off'] [18, 'off'] [17, 'on'] [13, 'off'] [9, 'off'] [5, 'on'] [6, 'off'] [7, 'on'] [11, 'on'] [10, 'on'] [15, 'on'] [14, 'on'] [6, 'off'] [1, 'off']	0.99999979	[2, 0, 0, 10, 11, 0, 0]
[1, 'off'] [2, 'off'] [3, 'on'] [7, 'off'] [11, 'off'] [16, 'on'] [15, 'off'] [14, 'off'] [13, 'on'] [9, 'off'] [5, 'on'] [6, 'off'] [7, 'off'] [8, 'on'] [12, 'on'] [20, 'on'] [19, 'off'] [18, 'on'] [14, 'off'] [6, 'off'] [1, 'off']	0.99999979	[4, 1, 0, 8, 13, 0, 0]
[1, 'off'] [2, 'off'] [3, 'on'] [7, 'off'] [11, 'on'] [10, 'on'] [15, 'on'] [14, 'off'] [13, 'on'] [9, 'off'] [5, 'on'] [6, 'off'] [7, 'off'] [8, 'on'] [12, 'on'] [20, 'on'] [19, 'off'] [18, 'on'] [14, 'off'] [6, 'off'] [1, 'off']	0.99999979	[4, 1, 0, 8, 13, 0, 0]
[5, 'off'] [6, 'off'] [7, 'on'] [11, 'off'] [16, 'on'] [15, 'off'] [14, 'on'] [6, 'off'] [1, 'on'] [2, 'off'] [3, 'off'] [4, 'on'] [8, 'off'] [12, 'on'] [20, 'on'] [19, 'off'] [18, 'off'] [17, 'on'] [13, 'off'] [9, 'off'] [5, 'off']	0.99999979	[4, 1, 0, 8, 13, 0, 0]
[5, 'off'] [6, 'off'] [7, 'on'] [11, 'on'] [10, 'on'] [15, 'on'] [14, 'on'] [6, 'off'] [1, 'on'] [2, 'off'] [3, 'off'] [4, 'on'] [8, 'off'] [12, 'on'] [20, 'on'] [19, 'off'] [18, 'off'] [17, 'on'] [13, 'off'] [9, 'off'] [5, 'off']	0.99999979	[4, 1, 0, 10, 11, 0, 0]
[20, 'off'] [19, 'off'] [18, 'off'] [17, 'on'] [13, 'off'] [9, 'off'] [5, 'on'] [6, 'off'] [7, 'on'] [11, 'off'] [16, 'on'] [15, 'off'] [14, 'on'] [6, 'off'] [1, 'on'] [2, 'off'] [3, 'off'] [4, 'on'] [8, 'off'] [12, 'on'] [20, 'off']	0.99999979	[4, 1, 0, 10, 11, 0, 0]
[20, 'off'] [19, 'off'] [18, 'off'] [17, 'on'] [13, 'off'] [9, 'off'] [5, 'on'] [6, 'off'] [7, 'on'] [11, 'on'] [10, 'on'] [15, 'on'] [14, 'on'] [6, 'off'] [1, 'on'] [2, 'off'] [3, 'off'] [4, 'on'] [8, 'off'] [12, 'on'] [20, 'off']	0.99999979	[4, 1, 0, 10, 11, 0, 0]
[12, 'on'] [20, 'on'] [19, 'off'] [18, 'off'] [17, 'on'] [13, 'off'] [9, 'off'] [5, 'on'] [6, 'off'] [7, 'on'] [11, 'off'] [16, 'on'] [15, 'off'] [14, 'on'] [6, 'off'] [1, 'on'] [2, 'on'] [10, 'off'] [15, 'off'] [19, 'off']	0.9999998	[4, 1, 0, 8, 12, 0, 0]
[16, 'off'] [15, 'off'] [14, 'off'] [13, 'on'] [9, 'off'] [5, 'on'] [6, 'off'] [7, 'off'] [8, 'on'] [12, 'on'] [20, 'on'] [19, 'off'] [18, 'on'] [14, 'off'] [6, 'off'] [1, 'on'] [2, 'on'] [10, 'off'] [15, 'off'] [19, 'off']	0.9999998	[4, 1, 0, 9, 11, 0, 0]
[1, 'off'] [2, 'off'] [3, 'off'] [4, 'on'] [8, 'off'] [12, 'on'] [20, 'on'] [19, 'off'] [18, 'off'] [17, 'on'] [13, 'off'] [9, 'off'] [5, 'on'] [6, 'off'] [7, 'on'] [11, 'off'] [16, 'on'] [15, 'on'] [19, 'off']	0.99999981	[3, 1, 0, 8, 11, 0, 0]
[1, 'off'] [2, 'off'] [3, 'off'] [4, 'on'] [8, 'off'] [12, 'on'] [20, 'on'] [19, 'off'] [18, 'off'] [17, 'on'] [13, 'off'] [9, 'off'] [5, 'on'] [6, 'off'] [7, 'on'] [11, 'on'] [10, 'on'] [15, 'off'] [19, 'off']	0.99999981	[3, 1, 0, 8, 11, 0, 0]
[1, 'off'] [2, 'off'] [3, 'off'] [4, 'on'] [8, 'off'] [12, 'on'] [20, 'on'] [19, 'off'] [18, 'on'] [14, 'on'] [13, 'on'] [9, 'off'] [5, 'on'] [6, 'off'] [7, 'on'] [11, 'off'] [16, 'on'] [15, 'on'] [19, 'off']	0.99999981	[3, 1, 0, 10, 9, 0, 0]
[1, 'off'] [2, 'off'] [3, 'off'] [4, 'on'] [8, 'off'] [12, 'on'] [20, 'on'] [19, 'off'] [18, 'on'] [14, 'on'] [13, 'on'] [9, 'off'] [5, 'on'] [6, 'off'] [7, 'on'] [11, 'on'] [10, 'on'] [15, 'off'] [19, 'off']	0.99999981	[3, 1, 0, 10, 9, 0, 0]
[20, 'off'] [19, 'off'] [18, 'off'] [17, 'on'] [13, 'off'] [9, 'off'] [5, 'on'] [6, 'off'] [7, 'on'] [11, 'off'] [16, 'on'] [15, 'off'] [14, 'on'] [6, 'off'] [1, 'on'] [2, 'on'] [10, 'off'] [15, 'off'] [19, 'off']	0.99999981	[4, 2, 0, 7, 12, 0, 0]
[1, 'off'] [2, 'off'] [3, 'on'] [7, 'off'] [11, 'off'] [16, 'on'] [15, 'on'] [19, 'on'] [18, 'off'] [17, 'on'] [13, 'off'] [9, 'off'] [5, 'on'] [6, 'off'] [7, 'off'] [8, 'on'] [12, 'on'] [20, 'off']	0.99999982	[2, 0, 0, 7, 11, 0, 0]
[1, 'off'] [2, 'off'] [3, 'on'] [7, 'off'] [11, 'off'] [16, 'on'] [15, 'on'] [19, 'on'] [18, 'on'] [14, 'on'] [13, 'on'] [9, 'off'] [5, 'on'] [6, 'off'] [7, 'off'] [8, 'on'] [12, 'on'] [20, 'off']	0.99999982	[3, 0, 0, 8, 10, 0, 0]
[1, 'off'] [2, 'off'] [3, 'on'] [7, 'off'] [11, 'on'] [10, 'off'] [9, 'on'] [5, 'on'] [6, 'off'] [7, 'off'] [8, 'on'] [12, 'on'] [20, 'on'] [19, 'off'] [18, 'on'] [14, 'off'] [6, 'off'] [1, 'off']	0.99999982	[3, 0, 0, 8, 10, 0, 0]
[1, 'off'] [2, 'off'] [3, 'on'] [7, 'off'] [11, 'on'] [10, 'on'] [15, 'off'] [19, 'on'] [18, 'off'] [17, 'on'] [13, 'off'] [9, 'off'] [5, 'on'] [6, 'off'] [7, 'off'] [8, 'on'] [12, 'on'] [20, 'off']	0.99999982	[3, 0, 0, 10, 8, 0, 0]
[1, 'off'] [2, 'off'] [3, 'on'] [7, 'off'] [11, 'on'] [10, 'on'] [15, 'off'] [19, 'on'] [18, 'on'] [14, 'on'] [13, 'on'] [9, 'off'] [5, 'on'] [6, 'off'] [7, 'off'] [8, 'on'] [12, 'on'] [20, 'off']	0.99999982	[3, 0, 0, 10, 8, 0, 0]
[1, 'off'] [2, 'on'] [10, 'off'] [15, 'on'] [14, 'off'] [13, 'on'] [9, 'off'] [5, 'on'] [6, 'off'] [7, 'off'] [8, 'on'] [12, 'on'] [20, 'on'] [19, 'off'] [18, 'on'] [14, 'off'] [6, 'off'] [1, 'off']	0.99999982	[4, 1, 0, 8, 10, 0, 0]
[5, 'off'] [6, 'off'] [7, 'on'] [11, 'off'] [16, 'on'] [15, 'off'] [14, 'on'] [6, 'off'] [1, 'on'] [2, 'on'] [10, 'off'] [15, 'off'] [19, 'on'] [18, 'off'] [17, 'on'] [13, 'off'] [9, 'off'] [5, 'off']	0.99999982	[5, 1, 0, 8, 10, 0, 0]
[1, 'off'] [2, 'off'] [3, 'off'] [4, 'on'] [8, 'off'] [12, 'on'] [20, 'on'] [19, 'off'] [18, 'off'] [17, 'on'] [13, 'off'] [9, 'off'] [5, 'on'] [6, 'off'] [7, 'on'] [11, 'off'] [16, 'off']	0.99999983	[1, 0, 0, 7, 10, 0, 0]
[1, 'off'] [2, 'off'] [3, 'off'] [4, 'on'] [8, 'off'] [12, 'on'] [20, 'on'] [19, 'off'] [18, 'on'] [14, 'on'] [13, 'on'] [9, 'off'] [5, 'on'] [6, 'off'] [7, 'on'] [11, 'off'] [16, 'off']	0.99999983	[1, 1, 0, 9, 8, 0, 0]
[1, 'off'] [2, 'off'] [3, 'on'] [7, 'off'] [11, 'off'] [16, 'on'] [15, 'off'] [14, 'off'] [13, 'on'] [9, 'off'] [5, 'on'] [6, 'off'] [7, 'off'] [8, 'on'] [12, 'on'] [20, 'on'] [19, 'on']	0.99999983	[1, 1, 0, 9, 8, 0, 0]
[1, 'off'] [2, 'off'] [3, 'on'] [7, 'off'] [11, 'on'] [10, 'on'] [15, 'on'] [14, 'off'] [13, 'on'] [9, 'off'] [5, 'on'] [6, 'off'] [7, 'off'] [8, 'on'] [12, 'on'] [20, 'on'] [19, 'on']	0.99999983	[1, 1, 0, 11, 6, 0, 0]
[5, 'off'] [6, 'off'] [7, 'on'] [11, 'off'] [16, 'on'] [15, 'on'] [19, 'on'] [18, 'on'] [14, 'off'] [6, 'off'] [1, 'on'] [2, 'off'] [3, 'off'] [4, 'on'] [8, 'off'] [12, 'on'] [20, 'off']	0.99999983	[1, 1, 0, 11, 6, 0, 0]
[5, 'off'] [6, 'off'] [7, 'on'] [11, 'on'] [10, 'on'] [15, 'off'] [19, 'on'] [18, 'on'] [14, 'off'] [6, 'off'] [1, 'on'] [2, 'off'] [3, 'off'] [4, 'on'] [8, 'off'] [12, 'on'] [20, 'off']	0.99999983	[2, 0, 0, 6, 11, 0, 0]
[12, 'on'] [20, 'on'] [19, 'off'] [18, 'off'] [17, 'on'] [13, 'off'] [9, 'off'] [5, 'on'] [6, 'on'] [1, 'on'] [2, 'off'] [3, 'on'] [7, 'off'] [11, 'off'] [16, 'on'] [15, 'on'] [19, 'off']	0.99999983	[2, 0, 0, 8, 9, 0, 0]
[12, 'on'] [20, 'on'] [19, 'off'] [18, 'off'] [17, 'on'] [13, 'off'] [9, 'off'] [5, 'on'] [6, 'on'] [1, 'on'] [2, 'off'] [3, 'on'] [7, 'off'] [11, 'on'] [10, 'on'] [15, 'off'] [19, 'off']	0.99999983	[2, 0, 0, 8, 9, 0, 0]
[12, 'on'] [20, 'on'] [19, 'off'] [18, 'on'] [14, 'on'] [13, 'on'] [9, 'off'] [5, 'on'] [6, 'on'] [1, 'on'] [2, 'off'] [3, 'on'] [7, 'off'] [11, 'off'] [16, 'on'] [15, 'on'] [19, 'off']	0.99999983	[2, 0, 0, 8, 9, 0, 0]
[12, 'on'] [20, 'on'] [19, 'off'] [18, 'on'] [14, 'on'] [13, 'on'] [9, 'off'] [5, 'on'] [6, 'on'] [1, 'on'] [2, 'off'] [3, 'on'] [7, 'off'] [11, 'on'] [10, 'on'] [15, 'off'] [19, 'off']	0.99999983	[3, 1, 0, 8, 9, 0, 0]
[16, 'off'] [15, 'off'] [14, 'on'] [6, 'off'] [1, 'on'] [2, 'off'] [3, 'off'] [4, 'on'] [8, 'off'] [12, 'on'] [20, 'on'] [19, 'off'] [18, 'off'] [17, 'on'] [13, 'off'] [9, 'off'] [5, 'off']	0.99999983	[3, 1, 0, 10, 7, 0, 0]
[16, 'off'] [15, 'off'] [14, 'on'] [6, 'off'] [1, 'on'] [2, 'off'] [3, 'on'] [7, 'off'] [11, 'on'] [10, 'on'] [15, 'off'] [19, 'on'] [18, 'off'] [17, 'on'] [13, 'off'] [9, 'off'] [5, 'off']	0.99999983	[4, 0, 0, 6, 11, 0, 0]
[16, 'off'] [15, 'off'] [14, 'on'] [6, 'off'] [1, 'on'] [2, 'off'] [3, 'on'] [7, 'on'] [8, 'on'] [12, 'on'] [20, 'on'] [19, 'off'] [18, 'off'] [17, 'on'] [13, 'off'] [9, 'off'] [5, 'off']	0.99999983	[4, 0, 0, 8, 9, 0, 0]
[1, 'off'] [2, 'off'] [3, 'off'] [4, 'on'] [8, 'off'] [12, 'on'] [20, 'on'] [19, 'off'] [18, 'on'] [14, 'off'] [6, 'on'] [7, 'on'] [11, 'off'] [16, 'on'] [15, 'on'] [19, 'off']	0.99999984	[1, 2, 0, 7, 9, 0, 0]
[1, 'off'] [2, 'off'] [3, 'off'] [4, 'on'] [8, 'off'] [12, 'on'] [20, 'on'] [19, 'off'] [18, 'on'] [14, 'off'] [6, 'on'] [7, 'on'] [11, 'on'] [10, 'on'] [15, 'off'] [19, 'off']	0.99999984	[1, 2, 0, 7, 9, 0, 0]
[1, 'off'] [2, 'off'] [3, 'on'] [7, 'off'] [11, 'off'] [16, 'on'] [15, 'off'] [14, 'off'] [13, 'on'] [9, 'off'] [5, 'on'] [6, 'off'] [7, 'off'] [8, 'on'] [12, 'on'] [20, 'off']	0.99999984	[1, 2, 0, 9, 7, 0, 0]
[1, 'off'] [2, 'off'] [3, 'on'] [7, 'off'] [11, 'on'] [10, 'on'] [15, 'on'] [14, 'off'] [13, 'on'] [9, 'off'] [5, 'on'] [6, 'off'] [7, 'off'] [8, 'on'] [12, 'on'] [20, 'off']	0.99999984	[1, 2, 0, 9, 7, 0, 0]
[16, 'off'] [15, 'off'] [14, 'off'] [13, 'on'] [9, 'off'] [5, 'on'] [6, 'off'] [7, 'off'] [8, 'on'] [12, 'on'] [20, 'on'] [19, 'off'] [18, 'on'] [14, 'off'] [6, 'off'] [1, 'off']	0.99999984	[2, 1, 0, 7, 9, 0, 0]
[16, 'off'] [15, 'off'] [14, 'off'] [13, 'on'] [9, 'off'] [5, 'on'] [6, 'off'] [7, 'on'] [11, 'on'] [10, 'on'] [15, 'off'] [19, 'on'] [18, 'on'] [14, 'off'] [6, 'off'] [1, 'off']	0.99999984	[3, 0, 0, 6, 10, 0, 0]
[20, 'off'] [19, 'off'] [18, 'off'] [17, 'on'] [13, 'off'] [9, 'off'] [5, 'on'] [6, 'on'] [1, 'on'] [2, 'off'] [3, 'on'] [7, 'off'] [11, 'off'] [16, 'on'] [15, 'on'] [19, 'off']	0.99999984	[3, 0, 0, 8, 8, 0, 0]
[20, 'off'] [19, 'off'] [18, 'off'] [17, 'on'] [13, 'off'] [9, 'off'] [5, 'on'] [6, 'on'] [1, 'on'] [2, 'off'] [3, 'on'] [7, 'off'] [11, 'on'] [10, 'on'] [15, 'off'] [19, 'off']	0.99999984	[3, 1, 0, 6, 10, 0, 0]
[20, 'off'] [19, 'off'] [18, 'on'] [14, 'on'] [13, 'on'] [9, 'off'] [5, 'on'] [6, 'on'] [1, 'on'] [2, 'off'] [3, 'on'] [7, 'off'] [11, 'off'] [16, 'on'] [15, 'on'] [19, 'off']	0.99999984	[3, 1, 0, 8, 8, 0, 0]
[20, 'off'] [19, 'off'] [18, 'on'] [14, 'on'] [13, 'on'] [9, 'off'] [5, 'on'] [6, 'on'] [1, 'on'] [2, 'off'] [3, 'on'] [7, 'off'] [11, 'on'] [10, 'on'] [15, 'off'] [19, 'off']	0.99999984	[3, 1, 0, 8, 8, 0, 0]
[1, 'off'] [2, 'off'] [3, 'off'] [4, 'on'] [8, 'off'] [12, 'on'] [20, 'on'] [19, 'off'] [18, 'off'] [17, 'on'] [13, 'off'] [9, 'off'] [5, 'on'] [6, 'on'] [1, 'off']	0.99999985	[0, 0, 0, 7, 8, 0, 0]
[1, 'off'] [2, 'off'] [3, 'off'] [4, 'on'] [8, 'off'] [12, 'on'] [20, 'on'] [19, 'off'] [18, 'on'] [14, 'on'] [13, 'on'] [9, 'off'] [5, 'on'] [6, 'on'] [1, 'off']	0.99999985	[0, 0, 0, 7, 8, 0, 0]
[1, 'off'] [2, 'off'] [3, 'on'] [7, 'off'] [11, 'off'] [16, 'on'] [15, 'on'] [19, 'on'] [18, 'off'] [17, 'on'] [13, 'off'] [9, 'off'] [5, 'on'] [6, 'on'] [1, 'off']	0.99999985	[0, 0, 0, 9, 6, 0, 0]
[1, 'off'] [2, 'off'] [3, 'on'] [7, 'off'] [11, 'off'] [16, 'on'] [15, 'on'] [19, 'on'] [18, 'on'] [14, 'off'] [6, 'on'] [7, 'off'] [8, 'on'] [12, 'on'] [20, 'off']	0.99999985	[0, 0, 0, 9, 6, 0, 0]
[1, 'off'] [2, 'off'] [3, 'on'] [7, 'off'] [11, 'off'] [16, 'on'] [15, 'on'] [19, 'on'] [18, 'on'] [14, 'on'] [13, 'on'] [9, 'off'] [5, 'on'] [6, 'on'] [1, 'off']	0.99999985	[0, 1, 0, 7, 8, 0, 0]
[1, 'off'] [2, 'off'] [3, 'on'] [7, 'off'] [11, 'on'] [10, 'on'] [15, 'off'] [19, 'on'] [18, 'off'] [17, 'on'] [13, 'off'] [9, 'off'] [5, 'on'] [6, 'on'] [1, 'off']	0.99999985	[1, 0, 0, 6, 9, 0, 0]
[1, 'off'] [2, 'off'] [3, 'on'] [7, 'off'] [11, 'on'] [10, 'on'] [15, 'off'] [19, 'on'] [18, 'on'] [14, 'off'] [6, 'on'] [7, 'off'] [8, 'on'] [12, 'on'] [20, 'off']	0.99999985	[1, 0, 0, 7, 8, 0, 0]
[1, 'off'] [2, 'off'] [3, 'on'] [7, 'off'] [11, 'on'] [10, 'on'] [15, 'off'] [19, 'on'] [18, 'on'] [14, 'on'] [13, 'on'] [9, 'off'] [5, 'on'] [6, 'on'] [1, 'off']	0.99999985	[1, 0, 0, 8, 7, 0, 0]
[1, 'off'] [2, 'off'] [3, 'on'] [7, 'on'] [8, 'on'] [12, 'on'] [20, 'on'] [19, 'off'] [18, 'off'] [17, 'on'] [13, 'off'] [9, 'off'] [5, 'on'] [6, 'on'] [1, 'off']	0.99999985	[1, 0, 0, 8, 7, 0, 0]
[1, 'off'] [2, 'off'] [3, 'on'] [7, 'on'] [8, 'on'] [12, 'on'] [20, 'on'] [19, 'off'] [18, 'on'] [14, 'on'] [13, 'on'] [9, 'off'] [5, 'on'] [6, 'on'] [1, 'off']	0.99999985	[1, 0, 0, 9, 6, 0, 0]
[1, 'off'] [2, 'on'] [10, 'off'] [15, 'off'] [19, 'on'] [18, 'off'] [17, 'on'] [13, 'off'] [9, 'off'] [5, 'on'] [6, 'off'] [7, 'off'] [8, 'on'] [12, 'on'] [20, 'off']	0.99999985	[1, 0, 0, 10, 5, 0, 0]
[1, 'off'] [2, 'on'] [10, 'off'] [15, 'off'] [19, 'on'] [18, 'on'] [14, 'on'] [13, 'on'] [9, 'off'] [5, 'on'] [6, 'off'] [7, 'off'] [8, 'on'] [12, 'on'] [20, 'off']	0.99999985	[1, 1, 0, 7, 8, 0, 0]
[1, 'off'] [2, 'on'] [10, 'on'] [9, 'on'] [5, 'on'] [6, 'off'] [7, 'off'] [8, 'on'] [12, 'on'] [20, 'on'] [19, 'off'] [18, 'on'] [14, 'off'] [6, 'off'] [1, 'off']	0.99999985	[1, 1, 0, 7, 8, 0, 0]
[1, 'off'] [2, 'on'] [10, 'on'] [9, 'on'] [5, 'on'] [6, 'off'] [7, 'on'] [11, 'off'] [16, 'on'] [15, 'on'] [19, 'on'] [18, 'on'] [14, 'off'] [6, 'off'] [1, 'off']	0.99999985	[1, 1, 0, 8, 7, 0, 0]
[5, 'off'] [6, 'off'] [7, 'off'] [8, 'on'] [12, 'on'] [20, 'on'] [19, 'off'] [18, 'on'] [14, 'off'] [6, 'off'] [1, 'on'] [2, 'on'] [10, 'on'] [9, 'on'] [5, 'off']	0.99999985	[1, 1, 0, 9, 6, 0, 0]
[5, 'off'] [6, 'off'] [7, 'on'] [11, 'off'] [16, 'on'] [15, 'off'] [14, 'on'] [6, 'off'] [1, 'on'] [2, 'off'] [3, 'off'] [4, 'on'] [8, 'off'] [12, 'on'] [20, 'off']	0.99999985	[1, 1, 0, 9, 6, 0, 0]
[5, 'off'] [6, 'off'] [7, 'on'] [11, 'off'] [16, 'on'] [15, 'on'] [19, 'on'] [18, 'on'] [14, 'off'] [6, 'off'] [1, 'on'] [2, 'on'] [10, 'on'] [9, 'on'] [5, 'off']	0.99999985	[1, 1, 0, 10, 5, 0, 0]
[5, 'off'] [6, 'off'] [7, 'on'] [11, 'on'] [10, 'on'] [15, 'on'] [14, 'on'] [6, 'off'] [1, 'on'] [2, 'off'] [3, 'off'] [4, 'on'] [8, 'off'] [12, 'on'] [20, 'off']	0.99999985	[2, 0, 0, 6, 9, 0, 0]
[5, 'off'] [6, 'on'] [1, 'on'] [2, 'off'] [3, 'off'] [4, 'on'] [8, 'off'] [12, 'on'] [20, 'on'] [19, 'off'] [18, 'off'] [17, 'on'] [13, 'off'] [9, 'off'] [5, 'off']	0.99999985	[2, 0, 0, 7, 8, 0, 0]
[5, 'off'] [6, 'on'] [1, 'on'] [2, 'off'] [3, 'off'] [4, 'on'] [8, 'off'] [12, 'on'] [20, 'on'] [19, 'off'] [18, 'on'] [14, 'on'] [13, 'on'] [9, 'off'] [5, 'off']	0.99999985	[2, 0, 0, 8, 7, 0, 0]
[5, 'off'] [6, 'on'] [1, 'on'] [2, 'off'] [3, 'on'] [7, 'off'] [11, 'off'] [16, 'on'] [15, 'on'] [19, 'on'] [18, 'off'] [17, 'on'] [13, 'off'] [9, 'off'] [5, 'off']	0.99999985	[2, 0, 0, 9, 6, 0, 0]
[5, 'off'] [6, 'on'] [1, 'on'] [2, 'off'] [3, 'on'] [7, 'off'] [11, 'off'] [16, 'on'] [15, 'on'] [19, 'on'] [18, 'on'] [14, 'on'] [13, 'on'] [9, 'off'] [5, 'off']	0.99999985	[2, 0, 0, 9, 6, 0, 0]
[5, 'off'] [6, 'on'] [1, 'on'] [2, 'off'] [3, 'on'] [7, 'off'] [11, 'on'] [10, 'on'] [15, 'off'] [19, 'on'] [18, 'off'] [17, 'on'] [13, 'off'] [9, 'off'] [5, 'off']	0.99999985	[2, 1, 0, 6, 9, 0, 0]
[5, 'off'] [6, 'on'] [1, 'on'] [2, 'off'] [3, 'on'] [7, 'off'] [11, 'on'] [10, 'on'] [15, 'off'] [19, 'on'] [18, 'on'] [14, 'on'] [13, 'on'] [9, 'off'] [5, 'off']	0.99999985	[2, 1, 0, 6, 9, 0, 0]
[5, 'off'] [6, 'on'] [1, 'on'] [2, 'off'] [3, 'on'] [7, 'on'] [8, 'on'] [12, 'on'] [20, 'on'] [19, 'off'] [18, 'off'] [17, 'on'] [13, 'off'] [9, 'off'] [5, 'off']	0.99999985	[2, 1, 0, 8, 7, 0, 0]
[5, 'off'] [6, 'on'] [1, 'on'] [2, 'off'] [3, 'on'] [7, 'on'] [8, 'on'] [12, 'on'] [20, 'on'] [19, 'off'] [18, 'on'] [14, 'on'] [13, 'on'] [9, 'off'] [5, 'off']	0.99999985	[2, 1, 0, 8, 7, 0, 0]
[12, 'on'] [20, 'on'] [19, 'off'] [18, 'off'] [17, 'on'] [13, 'off'] [9, 'off'] [5, 'on'] [6, 'on'] [1, 'on'] [2, 'off'] [3, 'on'] [7, 'off'] [11, 'off'] [16, 'off']	0.99999985	[2, 1, 0, 8, 7, 0, 0]
[12, 'on'] [20, 'on'] [19, 'off'] [18, 'on'] [14, 'on'] [13, 'on'] [9, 'off'] [5, 'on'] [6, 'on'] [1, 'on'] [2, 'off'] [3, 'on'] [7, 'off'] [11, 'off'] [16, 'off']	0.99999985	[2, 1, 0, 8, 7, 0, 0]
[16, 'off'] [15, 'off'] [14, 'off'] [13, 'on'] [9, 'off'] [5, 'on'] [6, 'on'] [1, 'on'] [2, 'off'] [3, 'off'] [4, 'on'] [8, 'off'] [12, 'on'] [20, 'on'] [19, 'on']	0.99999985	[2, 1, 0, 10, 5, 0, 0]
[16, 'off'] [15, 'off'] [14, 'off'] [13, 'on'] [9, 'off'] [5, 'on'] [6, 'on'] [1, 'on'] [2, 'off'] [3, 'on'] [7, 'off'] [11, 'on'] [10, 'on'] [15, 'off'] [19, 'off']	0.99999985	[2, 1, 0, 10, 5, 0, 0]
[16, 'off'] [15, 'off'] [14, 'off'] [13, 'on'] [9, 'off'] [5, 'on'] [6, 'on'] [1, 'on'] [2, 'off'] [3, 'on'] [7, 'on'] [8, 'on'] [12, 'on'] [20, 'on'] [19, 'on']	0.99999985	[3, 0, 0, 8, 7, 0, 0]
[16, 'off'] [15, 'on'] [19, 'on'] [18, 'off'] [17, 'on'] [13, 'off'] [9, 'off'] [5, 'on'] [6, 'on'] [1, 'on'] [2, 'off'] [3, 'on'] [7, 'off'] [11, 'off'] [16, 'off']	0.99999985	[3, 0, 0, 8, 7, 0, 0]
[16, 'off'] [15, 'on'] [19, 'on'] [18, 'on'] [14, 'on'] [13, 'on'] [9, 'off'] [5, 'on'] [6, 'on'] [1, 'on'] [2, 'off'] [3, 'on'] [7, 'off'] [11, 'off'] [16, 'off']	0.99999985	[3, 0, 0, 8, 7, 0, 0]
[20, 'off'] [19, 'off'] [18, 'off'] [17, 'on'] [13, 'off'] [9, 'off'] [5, 'on'] [6, 'off'] [7, 'on'] [11, 'off'] [16, 'on'] [15, 'off'] [14, 'on'] [6, 'off'] [1, 'off']	0.99999985	[3, 2, 0, 5, 10, 0, 0]
[20, 'off'] [19, 'off'] [18, 'off'] [17, 'on'] [13, 'off'] [9, 'off'] [5, 'on'] [6, 'off'] [7, 'on'] [11, 'on'] [10, 'on'] [15, 'on'] [14, 'on'] [6, 'off'] [1, 'off']	0.99999985	[3, 2, 0, 7, 8, 0, 0]
[20, 'off'] [19, 'off'] [18, 'off'] [17, 'on'] [13, 'off'] [9, 'off'] [5, 'on'] [6, 'on'] [1, 'on'] [2, 'off'] [3, 'off'] [4, 'on'] [8, 'off'] [12, 'on'] [20, 'off']	0.99999985	[4, 0, 0, 6, 9, 0, 0]
[20, 'off'] [19, 'off'] [18, 'off'] [17, 'on'] [13, 'off'] [9, 'off'] [5, 'on'] [6, 'on'] [1, 'on'] [2, 'off'] [3, 'on'] [7, 'on'] [8, 'on'] [12, 'on'] [20, 'off']	0.99999985	[4, 0, 0, 8, 7, 0, 0]
[20, 'off'] [19, 'off'] [18, 'on'] [14, 'on'] [13, 'on'] [9, 'off'] [5, 'on'] [6, 'on'] [1, 'on'] [2, 'off'] [3, 'off'] [4, 'on'] [8, 'off'] [12, 'on'] [20, 'off']	0.99999985	[4, 1, 0, 9, 6, 0, 0]
[20, 'off'] [19, 'off'] [18, 'on'] [14, 'on'] [13, 'on'] [9, 'off'] [5, 'on'] [6, 'on'] [1, 'on'] [2, 'off'] [3, 'on'] [7, 'on'] [8, 'on'] [12, 'on'] [20, 'off']	0.99999985	[5, 1, 0, 8, 7, 0, 0]
[1, 'off'] [2, 'off'] [3, 'off'] [4, 'on'] [8, 'off'] [12, 'on'] [20, 'on'] [19, 'off'] [18, 'on'] [14, 'off'] [6, 'on'] [7, 'on'] [11, 'off'] [16, 'off']	0.99999986	[1, 0, 0, 7, 7, 0, 0]
[1, 'off'] [2, 'off'] [3, 'on'] [7, 'off'] [11, 'off'] [16, 'on'] [15, 'off'] [14, 'on'] [6, 'on'] [7, 'off'] [8, 'on'] [12, 'on'] [20, 'on'] [19, 'on']	0.99999986	[1, 0, 0, 7, 7, 0, 0]
[1, 'off'] [2, 'off'] [3, 'on'] [7, 'off'] [11, 'on'] [10, 'off'] [9, 'on'] [5, 'on'] [6, 'off'] [7, 'off'] [8, 'on'] [12, 'on'] [20, 'on'] [19, 'on']	0.99999986	[2, 0, 0, 5, 9, 0, 0]
[1, 'off'] [2, 'off'] [3, 'on'] [7, 'off'] [11, 'on'] [10, 'on'] [15, 'on'] [14, 'on'] [6, 'on'] [7, 'off'] [8, 'on'] [12, 'on'] [20, 'on'] [19, 'on']	0.99999986	[2, 0, 0, 6, 8, 0, 0]
[1, 'off'] [2, 'on'] [10, 'off'] [15, 'off'] [19, 'on'] [18, 'off'] [17, 'on'] [13, 'off'] [9, 'off'] [5, 'on'] [6, 'off'] [7, 'on'] [11, 'off'] [16, 'off']	0.99999986	[2, 0, 0, 7, 7, 0, 0]
[1, 'off'] [2, 'on'] [10, 'off'] [15, 'off'] [19, 'on'] [18, 'on'] [14, 'on'] [13, 'on'] [9, 'off'] [5, 'on'] [6, 'off'] [7, 'on'] [11, 'off'] [16, 'off']	0.99999986	[2, 1, 0, 7, 7, 0, 0]
[1, 'off'] [2, 'on'] [10, 'off'] [15, 'on'] [14, 'off'] [13, 'on'] [9, 'off'] [5, 'on'] [6, 'off'] [7, 'off'] [8, 'on'] [12, 'on'] [20, 'on'] [19, 'on']	0.99999986	[2, 1, 0, 7, 7, 0, 0]
[12, 'on'] [20, 'on'] [19, 'off'] [18, 'off'] [17, 'on'] [13, 'off'] [9, 'off'] [5, 'on'] [6, 'off'] [7, 'on'] [11, 'off'] [16, 'on'] [15, 'on'] [19, 'off']	0.99999986	[2, 1, 0, 7, 7, 0, 0]
[12, 'on'] [20, 'on'] [19, 'off'] [18, 'off'] [17, 'on'] [13, 'off'] [9, 'off'] [5, 'on'] [6, 'off'] [7, 'on'] [11, 'on'] [10, 'on'] [15, 'off'] [19, 'off']	0.99999986	[2, 1, 0, 7, 7, 0, 0]
[12, 'on'] [20, 'on'] [19, 'off'] [18, 'off'] [17, 'on'] [13, 'off'] [9, 'off'] [5, 'on'] [6, 'on'] [1, 'on'] [2, 'on'] [10, 'off'] [15, 'off'] [19, 'off']	0.99999986	[2, 1, 0, 7, 7, 0, 0]
[12, 'on'] [20, 'on'] [19, 'off'] [18, 'on'] [14, 'off'] [6, 'off'] [1, 'on'] [2, 'off'] [3, 'on'] [7, 'off'] [11, 'off'] [16, 'on'] [15, 'on'] [19, 'off']	0.99999986	[2, 1, 0, 9, 5, 0, 0]
[12, 'on'] [20, 'on'] [19, 'off'] [18, 'on'] [14, 'off'] [6, 'off'] [1, 'on'] [2, 'off'] [3, 'on'] [7, 'off'] [11, 'on'] [10, 'off'] [9, 'on'] [5, 'off']	0.99999986	[2, 1, 0, 9, 5, 0, 0]
[12, 'on'] [20, 'on'] [19, 'off'] [18, 'on'] [14, 'off'] [6, 'off'] [1, 'on'] [2, 'off'] [3, 'on'] [7, 'off'] [11, 'on'] [10, 'on'] [15, 'off'] [19, 'off']	0.99999986	[2, 1, 0, 9, 5, 0, 0]
[12, 'on'] [20, 'on'] [19, 'off'] [18, 'on'] [14, 'on'] [13, 'on'] [9, 'off'] [5, 'on'] [6, 'off'] [7, 'on'] [11, 'off'] [16, 'on'] [15, 'on'] [19, 'off']	0.99999986	[3, 1, 0, 8, 6, 0, 0]
[12, 'on'] [20, 'on'] [19, 'off'] [18, 'on'] [14, 'on'] [13, 'on'] [9, 'off'] [5, 'on'] [6, 'off'] [7, 'on'] [11, 'on'] [10, 'on'] [15, 'off'] [19, 'off']	0.99999986	[3, 1, 0, 8, 6, 0, 0]
[12, 'on'] [20, 'on'] [19, 'off'] [18, 'on'] [14, 'on'] [13, 'on'] [9, 'off'] [5, 'on'] [6, 'on'] [1, 'on'] [2, 'on'] [10, 'off'] [15, 'off'] [19, 'off']	0.99999986	[3, 1, 0, 10, 4, 0, 0]
[16, 'off'] [15, 'off'] [14, 'on'] [6, 'off'] [1, 'on'] [2, 'on'] [10, 'off'] [15, 'off'] [19, 'on'] [18, 'off'] [17, 'on'] [13, 'off'] [9, 'off'] [5, 'off']	0.99999986	[4, 0, 0, 5, 9, 0, 0]
[16, 'off'] [15, 'off'] [14, 'on'] [6, 'on'] [7, 'off'] [8, 'on'] [12, 'on'] [20, 'on'] [19, 'off'] [18, 'off'] [17, 'on'] [13, 'off'] [9, 'off'] [5, 'off']	0.99999986	[4, 0, 0, 6, 8, 0, 0]
[16, 'off'] [15, 'off'] [14, 'on'] [6, 'on'] [7, 'on'] [11, 'on'] [10, 'on'] [15, 'off'] [19, 'on'] [18, 'off'] [17, 'on'] [13, 'off'] [9, 'off'] [5, 'off']	0.99999986	[4, 0, 0, 7, 7, 0, 0]
[16, 'off'] [15, 'on'] [19, 'on'] [18, 'on'] [14, 'off'] [6, 'off'] [1, 'on'] [2, 'off'] [3, 'on'] [7, 'off'] [11, 'on'] [10, 'off'] [9, 'on'] [5, 'off']	0.99999986	[4, 1, 0, 8, 6, 0, 0]
[1, 'off'] [2, 'off'] [3, 'on'] [7, 'off'] [11, 'off'] [16, 'on'] [15, 'off'] [14, 'off'] [13, 'on'] [9, 'off'] [5, 'on'] [6, 'on'] [1, 'off']	0.99999987	[0, 0, 0, 5, 8, 0, 0]
[1, 'off'] [2, 'off'] [3, 'on'] [7, 'off'] [11, 'off'] [16, 'on'] [15, 'off'] [14, 'on'] [6, 'on'] [7, 'off'] [8, 'on'] [12, 'on'] [20, 'off']	0.99999987	[0, 0, 0, 7, 6, 0, 0]
[1, 'off'] [2, 'off'] [3, 'on'] [7, 'off'] [11, 'on'] [10, 'off'] [9, 'on'] [5, 'on'] [6, 'off'] [7, 'off'] [8, 'on'] [12, 'on'] [20, 'off']	0.99999987	[1, 0, 0, 5, 8, 0, 0]
[1, 'off'] [2, 'off'] [3, 'on'] [7, 'off'] [11, 'on'] [10, 'on'] [15, 'on'] [14, 'off'] [13, 'on'] [9, 'off'] [5, 'on'] [6, 'on'] [1, 'off']	0.99999987	[1, 1, 0, 5, 8, 0, 0]
[1, 'off'] [2, 'off'] [3, 'on'] [7, 'off'] [11, 'on'] [10, 'on'] [15, 'on'] [14, 'on'] [6, 'on'] [7, 'off'] [8, 'on'] [12, 'on'] [20, 'off']	0.99999987	[1, 1, 0, 7, 6, 0, 0]
[1, 'off'] [2, 'on'] [10, 'off'] [15, 'on'] [14, 'off'] [13, 'on'] [9, 'off'] [5, 'on'] [6, 'off'] [7, 'off'] [8, 'on'] [12, 'on'] [20, 'off']	0.99999987	[2, 0, 0, 7, 6, 0, 0]
[1, 'off'] [2, 'on'] [10, 'on'] [9, 'on'] [5, 'on'] [6, 'off'] [7, 'on'] [11, 'off'] [16, 'on'] [15, 'off'] [14, 'on'] [6, 'off'] [1, 'off']	0.99999987	[2, 1, 0, 5, 8, 0, 0]
[5, 'off'] [6, 'off'] [7, 'on'] [11, 'off'] [16, 'on'] [15, 'off'] [14, 'on'] [6, 'off'] [1, 'on'] [2, 'on'] [10, 'on'] [9, 'on'] [5, 'off']	0.99999987	[2, 2, 0, 5, 8, 0, 0]
[5, 'off'] [6, 'on'] [1, 'on'] [2, 'off'] [3, 'on'] [7, 'off'] [11, 'off'] [16, 'on'] [15, 'off'] [14, 'off'] [13, 'on'] [9, 'off'] [5, 'off']	0.99999987	[2, 2, 0, 5, 8, 0, 0]
[5, 'off'] [6, 'on'] [1, 'on'] [2, 'off'] [3, 'on'] [7, 'off'] [11, 'on'] [10, 'on'] [15, 'on'] [14, 'off'] [13, 'on'] [9, 'off'] [5, 'off']	0.99999987	[2, 2, 0, 5, 8, 0, 0]
[16, 'off'] [15, 'off'] [14, 'off'] [13, 'on'] [9, 'off'] [5, 'on'] [6, 'on'] [1, 'on'] [2, 'off'] [3, 'on'] [7, 'off'] [11, 'off'] [16, 'off']	0.99999987	[2, 2, 0, 5, 8, 0, 0]
[20, 'off'] [19, 'off'] [18, 'off'] [17, 'on'] [13, 'off'] [9, 'off'] [5, 'on'] [6, 'off'] [7, 'on'] [11, 'off'] [16, 'on'] [15, 'on'] [19, 'off']	0.99999987	[2, 2, 0, 5, 8, 0, 0]
[20, 'off'] [19, 'off'] [18, 'off'] [17, 'on'] [13, 'off'] [9, 'off'] [5, 'on'] [6, 'off'] [7, 'on'] [11, 'on'] [10, 'on'] [15, 'off'] [19, 'off']	0.99999987	[2, 2, 0, 7, 6, 0, 0]
[20, 'off'] [19, 'off'] [18, 'off'] [17, 'on'] [13, 'off'] [9, 'off'] [5, 'on'] [6, 'on'] [1, 'on'] [2, 'on'] [10, 'off'] [15, 'off'] [19, 'off']	0.99999987	[2, 2, 0, 7, 6, 0, 0]
[20, 'off'] [19, 'off'] [18, 'on'] [14, 'off'] [6, 'off'] [1, 'on'] [2, 'off'] [3, 'on'] [7, 'off'] [11, 'off'] [16, 'on'] [15, 'on'] [19, 'off']	0.99999987	[2, 2, 0, 7, 6, 0, 0]
[20, 'off'] [19, 'off'] [18, 'on'] [14, 'off'] [6, 'off'] [1, 'on'] [2, 'off'] [3, 'on'] [7, 'off'] [11, 'on'] [10, 'off'] [9, 'on'] [5, 'off']	0.99999987	[3, 0, 0, 6, 7, 0, 0]
[20, 'off'] [19, 'off'] [18, 'on'] [14, 'off'] [6, 'off'] [1, 'on'] [2, 'off'] [3, 'on'] [7, 'off'] [11, 'on'] [10, 'on'] [15, 'off'] [19, 'off']	0.99999987	[3, 0, 0, 6, 7, 0, 0]
[20, 'off'] [19, 'off'] [18, 'on'] [14, 'on'] [13, 'on'] [9, 'off'] [5, 'on'] [6, 'off'] [7, 'on'] [11, 'off'] [16, 'on'] [15, 'on'] [19, 'off']	0.99999987	[3, 0, 0, 8, 5, 0, 0]
[20, 'off'] [19, 'off'] [18, 'on'] [14, 'on'] [13, 'on'] [9, 'off'] [5, 'on'] [6, 'off'] [7, 'on'] [11, 'on'] [10, 'on'] [15, 'off'] [19, 'off']	0.99999987	[4, 0, 0, 6, 7, 0, 0]
[20, 'off'] [19, 'off'] [18, 'on'] [14, 'on'] [13, 'on'] [9, 'off'] [5, 'on'] [6, 'on'] [1, 'on'] [2, 'on'] [10, 'off'] [15, 'off'] [19, 'off']	0.99999987	[4, 1, 0, 7, 6, 0, 0]
[1, 'off'] [2, 'off'] [3, 'off'] [4, 'on'] [8, 'off'] [12, 'on'] [20, 'on'] [19, 'off'] [18, 'on'] [14, 'off'] [6, 'off'] [1, 'off']	0.99999988	[0, 0, 0, 5, 7, 0, 0]
[1, 'off'] [2, 'off'] [3, 'on'] [7, 'off'] [11, 'off'] [16, 'on'] [15, 'on'] [19, 'on'] [18, 'on'] [14, 'off'] [6, 'off'] [1, 'off']	0.99999988	[0, 0, 0, 5, 7, 0, 0]
[1, 'off'] [2, 'off'] [3, 'on'] [7, 'off'] [11, 'on'] [10, 'on'] [15, 'off'] [19, 'on'] [18, 'on'] [14, 'off'] [6, 'off'] [1, 'off']	0.99999988	[0, 0, 0, 7, 5, 0, 0]
[1, 'off'] [2, 'off'] [3, 'on'] [7, 'on'] [8, 'on'] [12, 'on'] [20, 'on'] [19, 'off'] [18, 'on'] [14, 'off'] [6, 'off'] [1, 'off']	0.99999988	[0, 0, 0, 7, 5, 0, 0]
[1, 'off'] [2, 'on'] [10, 'off'] [15, 'off'] [19, 'on'] [18, 'off'] [17, 'on'] [13, 'off'] [9, 'off'] [5, 'on'] [6, 'on'] [1, 'off']	0.99999988	[1, 0, 0, 4, 8, 0, 0]
[1, 'off'] [2, 'on'] [10, 'off'] [15, 'off'] [19, 'on'] [18, 'on'] [14, 'off'] [6, 'on'] [7, 'off'] [8, 'on'] [12, 'on'] [20, 'off']	0.99999988	[1, 0, 0, 5, 7, 0, 0]
[1, 'off'] [2, 'on'] [10, 'off'] [15, 'off'] [19, 'on'] [18, 'on'] [14, 'on'] [13, 'on'] [9, 'off'] [5, 'on'] [6, 'on'] [1, 'off']	0.99999988	[1, 0, 0, 5, 7, 0, 0]
[1, 'off'] [2, 'on'] [10, 'off'] [15, 'on'] [14, 'off'] [13, 'on'] [9, 'off'] [5, 'on'] [6, 'off'] [7, 'on'] [11, 'off'] [16, 'off']	0.99999988	[1, 0, 0, 6, 6, 0, 0]
[5, 'off'] [6, 'off'] [7, 'off'] [8, 'on'] [12, 'on'] [20, 'on'] [19, 'off'] [18, 'off'] [17, 'on'] [13, 'off'] [9, 'off'] [5, 'off']	0.99999988	[1, 0, 0, 7, 5, 0, 0]
[5, 'off'] [6, 'off'] [7, 'off'] [8, 'on'] [12, 'on'] [20, 'on'] [19, 'off'] [18, 'on'] [14, 'on'] [13, 'on'] [9, 'off'] [5, 'off']	0.99999988	[1, 1, 0, 5, 7, 0, 0]
[5, 'off'] [6, 'off'] [7, 'on'] [11, 'off'] [16, 'on'] [15, 'on'] [19, 'on'] [18, 'off'] [17, 'on'] [13, 'off'] [9, 'off'] [5, 'off']	0.99999988	[1, 1, 0, 5, 7, 0, 0]
[5, 'off'] [6, 'off'] [7, 'on'] [11, 'off'] [16, 'on'] [15, 'on'] [19, 'on'] [18, 'on'] [14, 'on'] [13, 'on'] [9, 'off'] [5, 'off']	0.99999988	[1, 1, 0, 5, 7, 0, 0]
[5, 'off'] [6, 'off'] [7, 'on'] [11, 'on'] [10, 'on'] [15, 'off'] [19, 'on'] [18, 'off'] [17, 'on'] [13, 'off'] [9, 'off'] [5, 'off']	0.99999988	[2, 0, 0, 5, 7, 0, 0]
[5, 'off'] [6, 'off'] [7, 'on'] [11, 'on'] [10, 'on'] [15, 'off'] [19, 'on'] [18, 'on'] [14, 'on'] [13, 'on'] [9, 'off'] [5, 'off']	0.99999988	[2, 0, 0, 5, 7, 0, 0]
[5, 'off'] [6, 'on'] [1, 'on'] [2, 'on'] [10, 'off'] [15, 'off'] [19, 'on'] [18, 'off'] [17, 'on'] [13, 'off'] [9, 'off'] [5, 'off']	0.99999988	[2, 0, 0, 7, 5, 0, 0]
[5, 'off'] [6, 'on'] [1, 'on'] [2, 'on'] [10, 'off'] [15, 'off'] [19, 'on'] [18, 'on'] [14, 'on'] [13, 'on'] [9, 'off'] [5, 'off']	0.99999988	[2, 1, 0, 5, 7, 0, 0]
[12, 'on'] [20, 'on'] [19, 'off'] [18, 'off'] [17, 'on'] [13, 'off'] [9, 'off'] [5, 'on'] [6, 'off'] [7, 'on'] [11, 'off'] [16, 'off']	0.99999988	[2, 1, 0, 5, 7, 0, 0]
[12, 'on'] [20, 'on'] [19, 'off'] [18, 'on'] [14, 'off'] [6, 'off'] [1, 'on'] [2, 'off'] [3, 'on'] [7, 'off'] [11, 'off'] [16, 'off']	0.99999988	[2, 1, 0, 5, 7, 0, 0]
[12, 'on'] [20, 'on'] [19, 'off'] [18, 'on'] [14, 'on'] [13, 'on'] [9, 'off'] [5, 'on'] [6, 'off'] [7, 'on'] [11, 'off'] [16, 'off']	0.99999988	[2, 1, 0, 6, 6, 0, 0]
[16, 'off'] [15, 'off'] [14, 'off'] [13, 'on'] [9, 'off'] [5, 'on'] [6, 'off'] [7, 'off'] [8, 'on'] [12, 'on'] [20, 'on'] [19, 'on']	0.99999988	[2, 1, 0, 6, 6, 0, 0]
[16, 'off'] [15, 'off'] [14, 'off'] [13, 'on'] [9, 'off'] [5, 'on'] [6, 'off'] [7, 'on'] [11, 'on'] [10, 'on'] [15, 'off'] [19, 'off']	0.99999988	[2, 1, 0, 7, 5, 0, 0]
[16, 'off'] [15, 'off'] [14, 'off'] [13, 'on'] [9, 'off'] [5, 'on'] [6, 'on'] [1, 'on'] [2, 'on'] [10, 'off'] [15, 'off'] [19, 'off']	0.99999988	[2, 1, 0, 8, 4, 0, 0]
[16, 'off'] [15, 'off'] [14, 'on'] [6, 'off'] [1, 'on'] [2, 'off'] [3, 'off'] [4, 'on'] [8, 'off'] [12, 'on'] [20, 'on'] [19, 'on']	0.99999988	[3, 0, 0, 5, 7, 0, 0]
[16, 'off'] [15, 'off'] [14, 'on'] [6, 'off'] [1, 'on'] [2, 'off'] [3, 'on'] [7, 'off'] [11, 'on'] [10, 'off'] [9, 'on'] [5, 'off']	0.99999988	[3, 0, 0, 5, 7, 0, 0]
[16, 'off'] [15, 'off'] [14, 'on'] [6, 'off'] [1, 'on'] [2, 'off'] [3, 'on'] [7, 'off'] [11, 'on'] [10, 'on'] [15, 'off'] [19, 'off']	0.99999988	[3, 0, 0, 7, 5, 0, 0]
[16, 'off'] [15, 'off'] [14, 'on'] [6, 'off'] [1, 'on'] [2, 'off'] [3, 'on'] [7, 'on'] [8, 'on'] [12, 'on'] [20, 'on'] [19, 'on']	0.99999988	[3, 1, 0, 4, 8, 0, 0]
[16, 'off'] [15, 'on'] [19, 'on'] [18, 'off'] [17, 'on'] [13, 'off'] [9, 'off'] [5, 'on'] [6, 'off'] [7, 'on'] [11, 'off'] [16, 'off']	0.99999988	[3, 1, 0, 4, 8, 0, 0]
[16, 'off'] [15, 'on'] [19, 'on'] [18, 'on'] [14, 'off'] [6, 'off'] [1, 'on'] [2, 'off'] [3, 'on'] [7, 'off'] [11, 'off'] [16, 'off']	0.99999988	[3, 1, 0, 4, 8, 0, 0]
[16, 'off'] [15, 'on'] [19, 'on'] [18, 'on'] [14, 'on'] [13, 'on'] [9, 'off'] [5, 'on'] [6, 'off'] [7, 'on'] [11, 'off'] [16, 'off']	0.99999988	[3, 1, 0, 6, 6, 0, 0]
[20, 'off'] [19, 'off'] [18, 'off'] [17, 'on'] [13, 'off'] [9, 'off'] [5, 'on'] [6, 'off'] [7, 'off'] [8, 'on'] [12, 'on'] [20, 'off']	0.99999988	[3, 1, 0, 6, 6, 0, 0]
[20, 'off'] [19, 'off'] [18, 'on'] [14, 'off'] [6, 'off'] [1, 'on'] [2, 'off'] [3, 'off'] [4, 'on'] [8, 'off'] [12, 'on'] [20, 'off']	0.99999988	[3, 1, 0, 6, 6, 0, 0]
[20, 'off'] [19, 'off'] [18, 'on'] [14, 'off'] [6, 'off'] [1, 'on'] [2, 'off'] [3, 'on'] [7, 'on'] [8, 'on'] [12, 'on'] [20, 'off']	0.99999988	[4, 0, 0, 5, 7, 0, 0]
[20, 'off'] [19, 'off'] [18, 'on'] [14, 'on'] [13, 'on'] [9, 'off'] [5, 'on'] [6, 'off'] [7, 'off'] [8, 'on'] [12, 'on'] [20, 'off']	0.99999988	[4, 0, 0, 6, 6, 0, 0]
[1, 'off'] [2, 'on'] [10, 'off'] [15, 'off'] [19, 'on'] [18, 'on'] [14, 'off'] [6, 'on'] [7, 'on'] [11, 'off'] [16, 'off']	0.99999989	[1, 0, 0, 7, 4, 0, 0]
[1, 'off'] [2, 'on'] [10, 'off'] [15, 'on'] [14, 'on'] [6, 'on'] [7, 'off'] [8, 'on'] [12, 'on'] [20, 'on'] [19, 'on']	0.99999989	[1, 1, 0, 5, 6, 0, 0]
[1, 'off'] [2, 'on'] [10, 'on'] [9, 'on'] [5, 'on'] [6, 'off'] [7, 'off'] [8, 'on'] [12, 'on'] [20, 'on'] [19, 'on']	0.99999989	[1, 1, 0, 5, 6, 0, 0]
[1, 'off'] [2, 'on'] [10, 'on'] [9, 'on'] [5, 'on'] [6, 'off'] [7, 'on'] [11, 'off'] [16, 'on'] [15, 'on'] [19, 'off']	0.99999989	[2, 0, 0, 7, 4, 0, 0]
[5, 'off'] [6, 'off'] [7, 'off'] [8, 'on'] [12, 'on'] [20, 'on'] [19, 'off'] [18, 'on'] [14, 'off'] [6, 'off'] [1, 'off']	0.99999989	[2, 0, 0, 7, 4, 0, 0]
[5, 'off'] [6, 'off'] [7, 'on'] [11, 'off'] [16, 'on'] [15, 'on'] [19, 'on'] [18, 'on'] [14, 'off'] [6, 'off'] [1, 'off']	0.99999989	[2, 1, 0, 4, 7, 0, 0]
[5, 'off'] [6, 'off'] [7, 'on'] [11, 'on'] [10, 'on'] [15, 'off'] [19, 'on'] [18, 'on'] [14, 'off'] [6, 'off'] [1, 'off']	0.99999989	[2, 1, 0, 7, 4, 0, 0]
[12, 'on'] [20, 'on'] [19, 'off'] [18, 'on'] [14, 'off'] [6, 'off'] [1, 'on'] [2, 'on'] [10, 'off'] [15, 'off'] [19, 'off']	0.99999989	[2, 1, 0, 7, 4, 0, 0]
[12, 'on'] [20, 'on'] [19, 'off'] [18, 'on'] [14, 'off'] [6, 'off'] [1, 'on'] [2, 'on'] [10, 'on'] [9, 'on'] [5, 'off']	0.99999989	[3, 0, 0, 7, 4, 0, 0]
[12, 'on'] [20, 'on'] [19, 'off'] [18, 'on'] [14, 'off'] [6, 'on'] [7, 'on'] [11, 'off'] [16, 'on'] [15, 'on'] [19, 'off']	0.99999989	[3, 1, 0, 5, 6, 0, 0]
[12, 'on'] [20, 'on'] [19, 'off'] [18, 'on'] [14, 'off'] [6, 'on'] [7, 'on'] [11, 'on'] [10, 'off'] [9, 'on'] [5, 'off']	0.99999989	[3, 1, 0, 7, 4, 0, 0]
[12, 'on'] [20, 'on'] [19, 'off'] [18, 'on'] [14, 'off'] [6, 'on'] [7, 'on'] [11, 'on'] [10, 'on'] [15, 'off'] [19, 'off']	0.99999989	[4, 0, 0, 5, 6, 0, 0]
[16, 'off'] [15, 'on'] [19, 'on'] [18, 'on'] [14, 'off'] [6, 'off'] [1, 'on'] [2, 'on'] [10, 'on'] [9, 'on'] [5, 'off']	0.99999989	[4, 1, 0, 8, 3, 0, 0]
[16, 'off'] [15, 'on'] [19, 'on'] [18, 'on'] [14, 'off'] [6, 'on'] [7, 'on'] [11, 'on'] [10, 'off'] [9, 'on'] [5, 'off']	0.99999989	[4, 1, 0, 8, 3, 0, 0]
[1, 'off'] [2, 'off'] [3, 'on'] [7, 'off'] [11, 'off'] [16, 'on'] [15, 'off'] [14, 'on'] [6, 'off'] [1, 'off']	0.9999999	[0, 0, 0, 3, 7, 0, 0]
[1, 'off'] [2, 'off'] [3, 'on'] [7, 'off'] [11, 'on'] [10, 'off'] [9, 'on'] [5, 'on'] [6, 'on'] [1, 'off']	0.9999999	[0, 0, 0, 5, 5, 0, 0]
[1, 'off'] [2, 'off'] [3, 'on'] [7, 'off'] [11, 'on'] [10, 'on'] [15, 'on'] [14, 'on'] [6, 'off'] [1, 'off']	0.9999999	[0, 0, 0, 5, 5, 0, 0]
[1, 'off'] [2, 'on'] [10, 'off'] [15, 'on'] [14, 'off'] [13, 'on'] [9, 'off'] [5, 'on'] [6, 'on'] [1, 'off']	0.9999999	[0, 1, 0, 5, 5, 0, 0]
[1, 'off'] [2, 'on'] [10, 'off'] [15, 'on'] [14, 'on'] [6, 'on'] [7, 'off'] [8, 'on'] [12, 'on'] [20, 'off']	0.9999999	[0, 1, 0, 7, 3, 0, 0]
[1, 'off'] [2, 'on'] [10, 'on'] [9, 'on'] [5, 'on'] [6, 'off'] [7, 'off'] [8, 'on'] [12, 'on'] [20, 'off']	0.9999999	[1, 0, 0, 5, 5, 0, 0]
[5, 'off'] [6, 'off'] [7, 'on'] [11, 'off'] [16, 'on'] [15, 'off'] [14, 'off'] [13, 'on'] [9, 'off'] [5, 'off']	0.9999999	[1, 1, 0, 5, 5, 0, 0]
[5, 'off'] [6, 'off'] [7, 'on'] [11, 'on'] [10, 'on'] [15, 'on'] [14, 'off'] [13, 'on'] [9, 'off'] [5, 'off']	0.9999999	[2, 0, 0, 3, 7, 0, 0]
[5, 'off'] [6, 'on'] [1, 'on'] [2, 'off'] [3, 'on'] [7, 'off'] [11, 'on'] [10, 'off'] [9, 'on'] [5, 'off']	0.9999999	[2, 0, 0, 3, 7, 0, 0]
[5, 'off'] [6, 'on'] [1, 'on'] [2, 'on'] [10, 'off'] [15, 'on'] [14, 'off'] [13, 'on'] [9, 'off'] [5, 'off']	0.9999999	[2, 1, 0, 3, 7, 0, 0]
[16, 'off'] [15, 'off'] [14, 'off'] [13, 'on'] [9, 'off'] [5, 'on'] [6, 'off'] [7, 'on'] [11, 'off'] [16, 'off']	0.9999999	[2, 1, 0, 5, 5, 0, 0]
[16, 'off'] [15, 'off'] [14, 'on'] [6, 'off'] [1, 'on'] [2, 'off'] [3, 'on'] [7, 'off'] [11, 'off'] [16, 'off']	0.9999999	[2, 1, 0, 5, 5, 0, 0]
[16, 'off'] [15, 'on'] [19, 'on'] [18, 'off'] [17, 'on'] [13, 'off'] [9, 'off'] [5, 'on'] [6, 'on'] [1, 'off']	0.9999999	[2, 1, 0, 5, 5, 0, 0]
[16, 'off'] [15, 'on'] [19, 'on'] [18, 'on'] [14, 'on'] [13, 'on'] [9, 'off'] [5, 'on'] [6, 'on'] [1, 'off']	0.9999999	[2, 2, 0, 5, 5, 0, 0]
[20, 'off'] [19, 'off'] [18, 'on'] [14, 'off'] [6, 'off'] [1, 'on'] [2, 'on'] [10, 'off'] [15, 'off'] [19, 'off']	0.9999999	[2, 2, 0, 5, 5, 0, 0]
[20, 'off'] [19, 'off'] [18, 'on'] [14, 'off'] [6, 'off'] [1, 'on'] [2, 'on'] [10, 'on'] [9, 'on'] [5, 'off']	0.9999999	[3, 1, 0, 5, 5, 0, 0]
[20, 'off'] [19, 'off'] [18, 'on'] [14, 'off'] [6, 'on'] [7, 'on'] [11, 'off'] [16, 'on'] [15, 'on'] [19, 'off']	0.9999999	[3, 2, 0, 3, 7, 0, 0]
[20, 'off'] [19, 'off'] [18, 'on'] [14, 'off'] [6, 'on'] [7, 'on'] [11, 'on'] [10, 'off'] [9, 'on'] [5, 'off']	0.9999999	[4, 0, 0, 6, 4, 0, 0]
[20, 'off'] [19, 'off'] [18, 'on'] [14, 'off'] [6, 'on'] [7, 'on'] [11, 'on'] [10, 'on'] [15, 'off'] [19, 'off']	0.9999999	[4, 0, 0, 6, 4, 0, 0]
[1, 'off'] [2, 'on'] [10, 'off'] [15, 'off'] [19, 'on'] [18, 'on'] [14, 'off'] [6, 'off'] [1, 'off']	0.99999991	[1, 0, 0, 4, 5, 0, 0]
[1, 'off'] [2, 'on'] [10, 'off'] [15, 'on'] [14, 'on'] [6, 'on'] [7, 'on'] [11, 'off'] [16, 'off']	0.99999991	[1, 0, 0, 5, 4, 0, 0]
[1, 'off'] [2, 'on'] [10, 'on'] [9, 'on'] [5, 'on'] [6, 'off'] [7, 'on'] [11, 'off'] [16, 'off']	0.99999991	[1, 0, 0, 6, 3, 0, 0]
[5, 'off'] [6, 'off'] [7, 'on'] [11, 'off'] [16, 'on'] [15, 'off'] [14, 'on'] [6, 'off'] [1, 'off']	0.99999991	[1, 1, 0, 3, 6, 0, 0]
[5, 'off'] [6, 'off'] [7, 'on'] [11, 'on'] [10, 'on'] [15, 'on'] [14, 'on'] [6, 'off'] [1, 'off']	0.99999991	[1, 1, 0, 5, 4, 0, 0]
[5, 'off'] [6, 'on'] [1, 'on'] [2, 'off'] [3, 'off'] [4, 'on'] [8, 'off'] [12, 'on'] [20, 'off']	0.99999991	[1, 1, 0, 5, 4, 0, 0]
[5, 'off'] [6, 'on'] [1, 'on'] [2, 'off'] [3, 'on'] [7, 'on'] [8, 'on'] [12, 'on'] [20, 'off']	0.99999991	[1, 2, 0, 3, 6, 0, 0]
[12, 'on'] [20, 'on'] [19, 'off'] [18, 'on'] [14, 'off'] [6, 'on'] [7, 'on'] [11, 'off'] [16, 'off']	0.99999991	[1, 2, 0, 5, 4, 0, 0]
[16, 'off'] [15, 'off'] [14, 'on'] [6, 'off'] [1, 'on'] [2, 'on'] [10, 'off'] [15, 'off'] [19, 'off']	0.99999991	[2, 0, 0, 5, 4, 0, 0]
[16, 'off'] [15, 'off'] [14, 'on'] [6, 'off'] [1, 'on'] [2, 'on'] [10, 'on'] [9, 'on'] [5, 'off']	0.99999991	[2, 0, 0, 5, 4, 0, 0]
[16, 'off'] [15, 'off'] [14, 'on'] [6, 'on'] [7, 'off'] [8, 'on'] [12, 'on'] [20, 'on'] [19, 'on']	0.99999991	[2, 1, 0, 3, 6, 0, 0]
[16, 'off'] [15, 'off'] [14, 'on'] [6, 'on'] [7, 'on'] [11, 'on'] [10, 'off'] [9, 'on'] [5, 'off']	0.99999991	[2, 1, 0, 6, 3, 0, 0]
[16, 'off'] [15, 'off'] [14, 'on'] [6, 'on'] [7, 'on'] [11, 'on'] [10, 'on'] [15, 'off'] [19, 'off']	0.99999991	[3, 0, 0, 5, 4, 0, 0]
[16, 'off'] [15, 'on'] [19, 'on'] [18, 'on'] [14, 'off'] [6, 'on'] [7, 'on'] [11, 'off'] [16, 'off']	0.99999991	[3, 1, 0, 3, 6, 0, 0]
[20, 'off'] [19, 'off'] [18, 'off'] [17, 'on'] [13, 'off'] [9, 'off'] [5, 'on'] [6, 'on'] [1, 'off']	0.99999991	[3, 1, 0, 4, 5, 0, 0]
[20, 'off'] [19, 'off'] [18, 'on'] [14, 'off'] [6, 'on'] [7, 'off'] [8, 'on'] [12, 'on'] [20, 'off']	0.99999991	[4, 0, 0, 5, 4, 0, 0]
[20, 'off'] [19, 'off'] [18, 'on'] [14, 'on'] [13, 'on'] [9, 'off'] [5, 'on'] [6, 'on'] [1, 'off']	0.99999991	[4, 0, 0, 5, 4, 0, 0]
[1, 'off'] [2, 'off'] [3, 'off'] [4, 'on'] [8, 'off'] [12, 'on'] [20, 'on'] [19, 'on']	0.99999992	[0, 0, 0, 3, 5, 0, 0]
[1, 'off'] [2, 'off'] [3, 'on'] [7, 'off'] [11, 'off'] [16, 'on'] [15, 'on'] [19, 'off']	0.99999992	[0, 0, 0, 5, 3, 0, 0]
[1, 'off'] [2, 'off'] [3, 'on'] [7, 'off'] [11, 'on'] [10, 'on'] [15, 'off'] [19, 'off']	0.99999992	[0, 1, 0, 3, 5, 0, 0]
[1, 'off'] [2, 'off'] [3, 'on'] [7, 'on'] [8, 'on'] [12, 'on'] [20, 'on'] [19, 'on']	0.99999992	[1, 0, 0, 3, 5, 0, 0]
[5, 'off'] [6, 'on'] [1, 'on'] [2, 'off'] [3, 'on'] [7, 'off'] [11, 'off'] [16, 'off']	0.99999992	[1, 0, 0, 3, 5, 0, 0]
[12, 'on'] [20, 'on'] [19, 'off'] [18, 'off'] [17, 'on'] [13, 'off'] [9, 'off'] [5, 'off']	0.99999992	[1, 0, 0, 5, 3, 0, 0]
[12, 'on'] [20, 'on'] [19, 'off'] [18, 'on'] [14, 'on'] [13, 'on'] [9, 'off'] [5, 'off']	0.99999992	[1, 1, 0, 3, 5, 0, 0]
[16, 'off'] [15, 'off'] [14, 'off'] [13, 'on'] [9, 'off'] [5, 'on'] [6, 'on'] [1, 'off']	0.99999992	[1, 1, 0, 3, 5, 0, 0]
[16, 'off'] [15, 'on'] [19, 'on'] [18, 'off'] [17, 'on'] [13, 'off'] [9, 'off'] [5, 'off']	0.99999992	[2, 1, 0, 4, 4, 0, 0]
[16, 'off'] [15, 'on'] [19, 'on'] [18, 'on'] [14, 'on'] [13, 'on'] [9, 'off'] [5, 'off']	0.99999992	[2, 1, 0, 6, 2, 0, 0]
[1, 'off'] [2, 'off'] [3, 'off'] [4, 'on'] [8, 'off'] [12, 'on'] [20, 'off']	0.99999993	[0, 0, 0, 3, 4, 0, 0]
[1, 'off'] [2, 'off'] [3, 'on'] [7, 'on'] [8, 'on'] [12, 'on'] [20, 'off']	0.99999993	[1, 0, 0, 5, 2, 0, 0]
[1, 'off'] [2, 'on'] [10, 'off'] [15, 'on'] [14, 'on'] [6, 'off'] [1, 'off']	0.99999993	[1, 1, 0, 1, 6, 0, 0]
[1, 'off'] [2, 'on'] [10, 'on'] [9, 'on'] [5, 'on'] [6, 'on'] [1, 'off']	0.99999993	[1, 1, 0, 3, 4, 0, 0]
[5, 'off'] [6, 'off'] [7, 'on'] [11, 'on'] [10, 'off'] [9, 'on'] [5, 'off']	0.99999993	[1, 1, 0, 3, 4, 0, 0]
[5, 'off'] [6, 'on'] [1, 'on'] [2, 'on'] [10, 'on'] [9, 'on'] [5, 'off']	0.99999993	[2, 0, 0, 2, 5, 0, 0]
[16, 'off'] [15, 'off'] [14, 'on'] [6, 'on'] [7, 'on'] [11, 'off'] [16, 'off']	0.99999993	[2, 0, 0, 3, 4, 0, 0]
[16, 'off'] [15, 'on'] [19, 'on'] [18, 'on'] [14, 'off'] [6, 'off'] [1, 'off']	0.99999993	[2, 0, 0, 4, 3, 0, 0]
[20, 'off'] [19, 'off'] [18, 'off'] [17, 'on'] [13, 'off'] [9, 'off'] [5, 'off']	0.99999993	[2, 1, 0, 5, 2, 0, 0]
[20, 'off'] [19, 'off'] [18, 'on'] [14, 'on'] [13, 'on'] [9, 'off'] [5, 'off']	0.99999993	[3, 1, 0, 3, 4, 0, 0]
[1, 'off'] [2, 'off'] [3, 'on'] [7, 'off'] [11, 'off'] [16, 'off']	0.99999994	[0, 0, 0, 1, 5, 0, 0]
[5, 'off'] [6, 'off'] [7, 'off'] [8, 'on'] [12, 'on'] [20, 'off']	0.99999994	[1, 0, 0, 2, 4, 0, 0]
[16, 'off'] [15, 'off'] [14, 'off'] [13, 'on'] [9, 'off'] [5, 'off']	0.99999994	[2, 0, 0, 1, 5, 0, 0]
[20, 'off'] [19, 'off'] [18, 'on'] [14, 'off'] [6, 'off'] [1, 'off']	0.99999994	[2, 2, 0, 1, 5, 0, 0]
[1, 'off'] [2, 'on'] [10, 'off'] [15, 'off'] [19, 'off']	0.99999995	[1, 0, 0, 1, 4, 0, 0]
[5, 'off'] [6, 'off'] [7, 'on'] [11, 'off'] [16, 'off']	0.99999995	[1, 1, 0, 1, 4, 0, 0]
[16, 'off'] [15, 'off'] [14, 'on'] [6, 'off'] [1, 'off']	0.99999995	[2, 1, 0, 1, 4, 0, 0]
[5, 'off'] [6, 'on'] [1, 'off']	0.99999997	[0, 1, 0, 1, 2, 0, 0]
[12, 'on'] [20, 'on'] [19, 'on']	0.99999997	[0, 1, 0, 1, 2, 0, 0]
[16, 'off'] [15, 'on'] [19, 'off']	0.99999997	[1, 1, 0, 3, 0, 0, 0]
[12, 'on'] [20, 'off']	0.99999998	[1, 0, 0, 1, 1, 0, 0]
[20, 'off'] [19, 'on']	0.99999998	[1, 1, 0, 1, 1, 0, 0]
[1, 'on']	0.99999999	[0, 2, 0, 1, 0, 0, 0]
[5, 'on']	0.99999999	[1, 0, 0, 1, 0, 0, 0]
[16, 'on']	0.99999999	[1, 1, 0, 1, 0, 0, 0]
[20, 'on']	0.99999999	[2, 0, 0, 1, 0, 0, 0]
